id,class,class_area_m2,total_area_m2,prop_area,method
angle_0_dist_100,bulrush,729.8823610973815,836.3127627861772,0.8727385179030119,manual
angle_0_dist_100,hordeum,106.43040168879574,836.3127627861772,0.1272614820969881,manual
angle_0_dist_125,bulrush,1076.3845739697572,1076.3845739697572,1,manual
angle_0_dist_150,bulrush,1287.5717996818832,1325.178505625618,0.9716214036191444,manual
angle_0_dist_150,hordeum,37.60670594373478,1325.178505625618,0.02837859638085559,manual
angle_0_dist_25,island,123.57512468919909,123.57512468919909,1,manual
angle_0_dist_50,bulrush,230.85782696867744,369.17589046562614,0.6253328912608732,manual
angle_0_dist_50,island,138.31806349694872,369.17589046562614,0.37466710873912684,manual
angle_0_dist_75,bulrush,610.2703495452328,610.2703495452328,1,manual
angle_112.5_dist_100,bulrush,846.0507623874016,860.4524425205246,0.9832626657541512,manual
angle_112.5_dist_100,hordeum,13.997246298897366,860.4524425205246,0.01626730962363848,manual
angle_112.5_dist_100,island,0.40443383422564555,860.4524425205246,4.700246222103071e-4,manual
angle_112.5_dist_125,bulrush,1106.1000256027296,1106.1000256027296,1,manual
angle_112.5_dist_150,bulrush,1349.4558169576553,1349.4558169576553,1,manual
angle_112.5_dist_25,island,123.51533391314877,123.51533391314877,1,manual
angle_112.5_dist_50,bulrush,5.368196374233575,369.1589685478829,0.014541692960487499,manual
angle_112.5_dist_50,island,363.7907721736494,369.1589685478829,0.9854583070395125,manual
angle_112.5_dist_75,bulrush,402.1499393933387,606.7968438950725,0.6627423056651207,manual
angle_112.5_dist_75,hordeum,0.14101598125022508,606.7968438950725,2.3239405852053114e-4,manual
angle_112.5_dist_75,island,204.50588852048358,606.7968438950725,0.33702530027635874,manual
angle_135_dist_100,bulrush,860.6837087297735,860.6837087297735,1,manual
angle_135_dist_125,bulrush,1106.3358043233811,1106.3358043233811,1,manual
angle_135_dist_150,bulrush,1349.8151256778851,1349.8151256778851,1,manual
angle_135_dist_25,island,123.74829231417435,123.74829231417435,1,manual
angle_135_dist_50,bulrush,131.15388758551165,369.39305507675147,0.3550523914377894,manual
angle_135_dist_50,island,238.23916749123984,369.39305507675147,0.6449476085622107,manual
angle_135_dist_75,bulrush,615.0417662868151,615.0417662868151,1,manual
angle_157.5_dist_100,bulrush,860.3633204203729,860.3633204203729,1,manual
angle_157.5_dist_125,bulrush,1105.9685987082055,1105.9685987082055,1,manual
angle_157.5_dist_150,bulrush,1349.344696364435,1349.344696364435,1,manual
angle_157.5_dist_25,island,123.57625281704912,123.57625281704912,1,manual
angle_157.5_dist_50,bulrush,187.90435907985585,369.17701859347596,0.5089817340086631,manual
angle_157.5_dist_50,island,181.2726595136201,369.17701859347596,0.4910182659913369,manual
angle_157.5_dist_75,bulrush,614.7727077945896,614.7727077945896,1,manual
angle_180_dist_100,bulrush,860.1788715168997,860.1788715168997,1,manual
angle_180_dist_125,bulrush,1105.7790732294086,1105.7790732294086,1,manual
angle_180_dist_150,bulrush,1349.1828100179614,1349.1828100179614,1,manual
angle_180_dist_25,island,123.3895476578737,123.3895476578737,1,manual
angle_180_dist_50,bulrush,191.3524818533865,368.9897493703753,0.5185848175454747,manual
angle_180_dist_50,island,177.63726751698877,368.9897493703753,0.48141518245452525,manual
angle_180_dist_75,bulrush,614.5910792107412,614.5910792107412,1,manual
angle_202.5_dist_100,barren,78.83075383849989,860.3994205115616,0.09162111451868488,manual
angle_202.5_dist_100,bulrush,724.0905527154714,860.3994205115616,0.8415748958605225,manual
angle_202.5_dist_100,hordeum,57.478113957590324,860.3994205115616,0.06680398962079259,manual
angle_202.5_dist_125,barren,37.15714699550907,1106.0430551462964,0.033594665978526755,manual
angle_202.5_dist_125,bulrush,953.5884215609768,1106.0430551462964,0.8621621166771357,manual
angle_202.5_dist_125,hordeum,115.29748658981065,1106.0430551462964,0.10424321734433768,manual
angle_202.5_dist_150,bulrush,1349.47499513111,1349.47499513111,1,manual
angle_202.5_dist_25,island,123.45892752064901,123.45892752064901,1,manual
angle_202.5_dist_50,bulrush,104.69308479979279,369.10707466677604,0.2836387920613768,manual
angle_202.5_dist_50,island,264.41398986698323,369.10707466677604,0.7163612079386231,manual
angle_202.5_dist_75,bulrush,614.7501452375894,614.7501452375894,1,manual
angle_22.5_dist_100,bulrush,805.6987573206872,860.7406791861987,0.9360528400754199,manual
angle_22.5_dist_100,hordeum,55.04192186551154,860.7406791861987,0.0639471599245801,manual
angle_22.5_dist_125,bulrush,949.2812294296748,1106.3882622684046,0.8580000907487788,manual
angle_22.5_dist_125,hordeum,157.10703283872988,1106.3882622684046,0.1419999092512213,manual
angle_22.5_dist_150,bulrush,1130.3587228252484,1350.521333711983,0.8369795386485266,manual
angle_22.5_dist_150,hordeum,220.16261088673465,1350.521333711983,0.1630204613514734,manual
angle_22.5_dist_25,island,123.80244245097428,123.80244245097428,1,manual
angle_22.5_dist_50,bulrush,194.60543850886708,358.1540813711074,0.5433567523895487,manual
angle_22.5_dist_50,island,163.5486428622403,358.1540813711074,0.4566432476104513,manual
angle_22.5_dist_75,bulrush,595.0857486842091,595.0857486842091,1,manual
angle_225_dist_100,barren,81.85695679612984,860.7418073140327,0.0951004774028191,manual
angle_225_dist_100,bulrush,385.52810365140755,860.7418073140327,0.4479021471658941,manual
angle_225_dist_100,hordeum,364.78465280949973,860.7418073140327,0.42380264291776387,manual
angle_225_dist_100,island,28.572094056995663,860.7418073140327,0.03319473251352299,manual
angle_225_dist_125,barren,282.5768482520126,1106.387698204467,0.25540490798171434,manual
angle_225_dist_125,bulrush,344.1568350722149,1106.387698204467,0.31106350480102024,manual
angle_225_dist_125,hordeum,479.6540148802394,1106.387698204467,0.4335315872172654,manual
angle_225_dist_150,barren,4.62024760968238,1349.8405085545066,0.003422810013777131,manual
angle_225_dist_150,bulrush,1311.9427456254712,1349.8405085545066,0.9719242660974675,manual
angle_225_dist_150,hordeum,33.2775153193531,1349.8405085545066,0.024652923888755375,manual
angle_225_dist_25,island,123.80187838704948,123.80187838704948,1,manual
angle_225_dist_50,bulrush,0.9103991749514532,369.4511536610307,0.0024641936178300293,manual
angle_225_dist_50,island,368.5407544860792,369.4511536610307,0.99753580638217,manual
angle_225_dist_75,bulrush,320.4684064778746,615.0930961039828,0.5210079718139102,manual
angle_225_dist_75,island,294.6246896261082,615.0930961039828,0.4789920281860898,manual
angle_247.5_dist_100,bulrush,106.47270648317084,860.2364060372354,0.123771449029515,manual
angle_247.5_dist_100,hordeum,249.8910359899838,860.2364060372354,0.2904911187624943,manual
angle_247.5_dist_100,island,503.8726635640808,860.2364060372354,0.5857374322079908,manual
angle_247.5_dist_125,barren,47.108926824299424,1105.8326593022707,0.04260041194119098,manual
angle_247.5_dist_125,bulrush,501.3016601939265,1105.8326593022707,0.45332506322450694,manual
angle_247.5_dist_125,hordeum,557.4220722840447,1105.8326593022707,0.504074524834302,manual
angle_247.5_dist_150,barren,70.41322788571094,1349.1805537622536,0.052189625539265545,manual
angle_247.5_dist_150,bulrush,1278.7673258765426,1349.1805537622536,0.9478103744607345,manual
angle_247.5_dist_25,island,123.44200560289886,123.44200560289886,1,manual
angle_247.5_dist_50,island,369.0467198268067,369.0467198268067,1,manual
angle_247.5_dist_75,island,614.6412809000648,614.6412809000648,1,manual
angle_270_dist_100,bulrush,707.533584324921,860.3119906031924,0.8224151145781967,manual
angle_270_dist_100,hordeum,127.92744193450659,860.3119906031924,0.1486988945078082,manual
angle_270_dist_100,island,24.850964343764712,860.3119906031924,0.028885990913994936,manual
angle_270_dist_125,bulrush,923.6890850884553,1105.9110641878513,0.8352290839650705,manual
angle_270_dist_125,hordeum,182.2219790993959,1105.9110641878513,0.16477091603492944,manual
angle_270_dist_150,bulrush,1349.2657274149396,1349.2657274149396,1,manual
angle_270_dist_25,island,123.52041048847441,123.52041048847441,1,manual
angle_270_dist_50,island,369.1206122009808,369.1206122009808,1,manual
angle_270_dist_75,bulrush,300.34429782561784,614.720813913483,0.48858651118959656,manual
angle_270_dist_75,island,314.3765160878651,614.720813913483,0.5114134888104035,manual
angle_292.5_dist_100,bulrush,743.0673553442773,860.6876571772416,0.8633414795110246,manual
angle_292.5_dist_100,hordeum,117.62030183296434,860.6876571772416,0.13665852048897545,manual
angle_292.5_dist_125,bulrush,1106.3329840037572,1106.3329840037572,1,manual
angle_292.5_dist_150,bulrush,1349.7637958607095,1349.7637958607095,1,manual
angle_292.5_dist_25,island,123.74829231417421,123.74829231417421,1,manual
angle_292.5_dist_50,bulrush,6.623802671285579,369.3953113324571,0.017931474677880067,manual
angle_292.5_dist_50,island,362.7715086611715,369.3953113324571,0.9820685253221199,manual
angle_292.5_dist_75,bulrush,594.9926781365824,615.0383819032644,0.967407393820448,manual
angle_292.5_dist_75,island,20.045703766682028,615.0383819032644,0.03259260617955205,manual
angle_315_dist_100,bulrush,708.679762220522,860.455262840143,0.823610236145632,manual
angle_315_dist_100,hordeum,151.775500619621,860.455262840143,0.17638976385436805,manual
angle_315_dist_125,bulrush,1106.0932568356295,1106.0932568356295,1,manual
angle_315_dist_150,bulrush,1234.6485019186648,1349.742925495475,0.9147286335769751,manual
angle_315_dist_150,hordeum,115.09442357681017,1349.742925495475,0.08527136642302485,manual
angle_315_dist_25,island,123.51476984922341,123.51476984922341,1,manual
angle_315_dist_50,bulrush,71.4917181103127,369.1578404200271,0.19366165439956404,manual
angle_315_dist_50,island,297.6661223097144,369.1578404200271,0.8063383456004359,manual
angle_315_dist_75,bulrush,468.38514578657436,614.8082438218615,0.7618394035755436,manual
angle_315_dist_75,hordeum,146.4230980352872,614.8082438218615,0.2381605964244565,manual
angle_337.5_dist_100,bulrush,762.6217594322871,860.1822559004431,0.8865815984938806,manual
angle_337.5_dist_100,hordeum,97.56049646815603,860.1822559004431,0.11341840150611944,manual
angle_337.5_dist_125,bulrush,1105.780201357257,1105.780201357257,1,manual
angle_337.5_dist_150,bulrush,1346.247985416181,1349.234139835136,0.9977867781945395,manual
angle_337.5_dist_150,hordeum,2.9861544189547673,1349.234139835136,0.002213221805460428,manual
angle_337.5_dist_25,island,123.39236797749842,123.39236797749842,1,manual
angle_337.5_dist_50,bulrush,187.50951433235517,368.9886212425249,0.5081715357534315,manual
angle_337.5_dist_50,hordeum,6.627751118760588,368.9886212425249,0.017961939033356723,manual
angle_337.5_dist_50,island,174.85135579140916,368.9886212425249,0.4738665252132117,manual
angle_337.5_dist_75,bulrush,582.213245851762,614.5854385714888,0.9473267821070231,manual
angle_337.5_dist_75,hordeum,32.372192719726726,614.5854385714888,0.052673217892976784,manual
angle_45_dist_100,bulrush,860.3988564476483,860.3988564476483,1,manual
angle_45_dist_125,bulrush,1037.2599720038418,1106.04418327415,0.9378106116279271,manual
angle_45_dist_125,hordeum,68.78421127030825,1106.04418327415,0.06218938837207286,manual
angle_45_dist_150,bulrush,1139.3442611505118,1350.124232708781,0.8438810544601684,manual
angle_45_dist_150,hordeum,210.77997155826915,1350.124232708781,0.15611894553983163,manual
angle_45_dist_25,island,123.45949158457415,123.45949158457415,1,manual
angle_45_dist_50,bulrush,125.20808975207682,369.1059465389258,0.33921992025905334,manual
angle_45_dist_50,island,243.89785678684902,369.1059465389258,0.6607800797409468,manual
angle_45_dist_75,bulrush,614.7512733654395,614.7512733654395,1,manual
angle_67.5_dist_100,bulrush,860.3125546671275,860.3125546671275,1,manual
angle_67.5_dist_125,bulrush,1105.9133204435607,1105.9133204435607,1,manual
angle_67.5_dist_150,bulrush,1349.279829013064,1349.279829013064,1,manual
angle_67.5_dist_25,island,123.52379487202442,123.52379487202442,1,manual
angle_67.5_dist_50,bulrush,23.471263983212506,369.12004813705425,0.06358707445361414,manual
angle_67.5_dist_50,island,345.64878415384175,369.12004813705425,0.9364129255463859,manual
angle_67.5_dist_75,bulrush,533.1673235090062,614.7174295299359,0.8673372478094697,manual
angle_67.5_dist_75,island,81.55010602092963,614.7174295299359,0.13266275219053025,manual
angle_90_dist_100,bulrush,400.3923162030339,860.2352779093858,0.46544512470599914,manual
angle_90_dist_100,hordeum,121.8490890786964,860.2352779093858,0.1416462358702889,manual
angle_90_dist_100,island,337.9938726276555,860.2352779093858,0.39290863942371196,manual
angle_90_dist_125,bulrush,1104.1387753355018,1105.8354796219046,0.9984656810912027,manual
angle_90_dist_125,hordeum,1.6967042864027075,1105.8354796219046,0.0015343189087971987,manual
angle_90_dist_150,barren,67.51845182260612,1349.2335757712046,0.050042077987878,manual
angle_90_dist_150,bulrush,1281.7151239485986,1349.2335757712046,0.949957922012122,manual
angle_90_dist_25,island,123.44538998644886,123.44538998644886,1,manual
angle_90_dist_50,island,369.0422073154065,369.0422073154065,1,manual
angle_90_dist_75,bulrush,15.935369945200463,614.6412809000632,0.025926293010884595,manual
angle_90_dist_75,island,598.7059109548627,614.6412809000632,0.9740737069891153,manual
angle_0_dist_100,barren,0.9025022800014407,792.7647715204038,0.0011384237953341151,cart
angle_0_dist_100,bulrush,703.701334018463,792.7647715204038,0.8876546477574545,cart
angle_0_dist_100,hordeum,34.461485497929935,792.7647715204038,0.04347000110996101,cart
angle_0_dist_100,island,53.69944972400952,792.7647715204038,0.06773692733725041,cart
angle_0_dist_125,barren,0.22562557000036013,1035.8915529217884,2.1780809908524782e-4,cart
angle_0_dist_125,bulrush,1013.5619543227776,1035.8915529217884,0.9784440769537807,cart
angle_0_dist_125,hordeum,2.2562557000036003,1035.8915529217884,0.0021780809908524775,cart
angle_0_dist_125,island,19.847717329006716,1035.8915529217884,0.019160033956281575,cart
angle_0_dist_150,barren,1.80500456000288,1276.5206592632612,0.0014140034059806216,cart
angle_0_dist_150,bulrush,1232.483060510591,1276.5206592632612,0.9655018519025879,cart
angle_0_dist_150,hordeum,26.22558812899191,1276.5206592632612,0.020544585736769747,cart
angle_0_dist_150,island,16.007006063675583,1276.5206592632612,0.012539558954661934,cart
angle_0_dist_25,bulrush,29.063393735671447,122.73748976056936,0.23679312484202647,cart
angle_0_dist_25,hordeum,38.37665320136096,122.73748976056936,0.3126726257496741,cart
angle_0_dist_25,island,55.297442823536954,122.73748976056936,0.45053424940829945,cart
angle_0_dist_50,bulrush,294.494390859433,369.17589046562557,0.797707538506916,cart
angle_0_dist_50,hordeum,13.918277349397236,369.17589046562557,0.03770093797794519,cart
angle_0_dist_50,island,60.76322225679539,369.17589046562557,0.164591523515139,cart
angle_0_dist_75,barren,0.22562557000036013,589.223996375597,3.829198596598509e-4,cart
angle_0_dist_75,bulrush,574.9469743698993,589.223996375597,0.9757697885803739,cart
angle_0_dist_75,hordeum,1.1535107266268412,589.223996375597,0.001957677782510988,cart
angle_0_dist_75,island,12.897885709070607,589.223996375597,0.02188961377745541,cart
angle_112.5_dist_100,barren,0.1692191775002701,860.4524425205198,1.9666302184531787e-4,cart
angle_112.5_dist_100,bulrush,798.1137897211968,860.4524425205198,0.9275513093824052,cart
angle_112.5_dist_100,hordeum,4.781569892232637,860.4524425205198,0.0055570414539425385,cart
angle_112.5_dist_100,island,57.38786372959013,860.4524425205198,0.06669498614180709,cart
angle_112.5_dist_125,barren,0.22562557000036013,1106.1000256027246,2.0398297150152814e-4,cart
angle_112.5_dist_125,bulrush,1035.6557742011391,1106.1000256027246,0.9363129465952235,cart
angle_112.5_dist_125,hordeum,5.863444500384365,1106.1000256027246,0.005301007471895968,cart
angle_112.5_dist_125,island,64.35518133120088,1106.1000256027246,0.05818206296137921,cart
angle_112.5_dist_150,barren,7.502614266436987,1351.7442243013772,0.005550320934653571,cart
angle_112.5_dist_150,bulrush,1241.8769811175523,1351.7442243013772,0.9187218697082966,cart
angle_112.5_dist_150,hordeum,13.706753377521906,1351.7442243013772,0.010140049523500628,cart
angle_112.5_dist_150,island,88.65787553986621,1351.7442243013772,0.06558775983354936,cart
angle_112.5_dist_25,bulrush,1.2527859774269994,122.8965557874214,0.010193824956282651,cart
angle_112.5_dist_25,hordeum,21.75707371513478,122.8965557874214,0.1770356669129831,cart
angle_112.5_dist_25,island,99.88669609485963,122.8965557874214,0.8127705081307343,cart
angle_112.5_dist_50,bulrush,29.303684967721846,368.0477626156283,0.07961924495741395,cart
angle_112.5_dist_50,hordeum,14.145595111172604,368.0477626156283,0.03843412879524986,cart
angle_112.5_dist_50,island,324.59848253673385,368.0477626156283,0.8819466262473362,cart
angle_112.5_dist_75,barren,0.05640639250009003,599.0336320952849,9.416231322904719e-5,cart
angle_112.5_dist_75,bulrush,490.95729187333654,599.0336320952849,0.8195821829837473,cart
angle_112.5_dist_75,hordeum,0.6813892214010877,599.0336320952849,0.0011374807438068902,cart
angle_112.5_dist_75,island,107.33854460804721,599.0336320952849,0.17918617395921682,cart
angle_135_dist_100,bulrush,841.680959160417,860.6837087297724,0.9779213323354287,cart
angle_135_dist_100,hordeum,0.8037910931262832,860.6837087297724,9.338983472947879e-4,cart
angle_135_dist_100,island,18.19895847622908,860.6837087297724,0.02114476931727655,cart
angle_135_dist_125,barren,14.158004517522624,1106.3358043233761,0.012797203581584813,cart
angle_135_dist_125,bulrush,1042.3873130820996,1106.3358043233761,0.9421979375598472,cart
angle_135_dist_125,hordeum,7.708497599062316,1106.3358043233761,0.006967592993862072,cart
angle_135_dist_125,island,42.08198912469163,1106.3358043233761,0.038037265864706016,cart
angle_135_dist_150,barren,2.9895388025047724,1351.9777467663318,0.0022112337349155108,cart
angle_135_dist_150,bulrush,1245.0475844399864,1351.9777467663318,0.9209083414411948,cart
angle_135_dist_150,hordeum,15.919012091375441,1351.9777467663318,0.011774611031468991,cart
angle_135_dist_150,island,88.0216114324652,1351.9777467663318,0.06510581379242063,cart
angle_135_dist_25,bulrush,1.6216837843775875,123.4589275206479,0.013135411241170621,cart
angle_135_dist_25,hordeum,14.161952964997628,123.4589275206479,0.11470983305463357,cart
angle_135_dist_25,island,107.67529077127269,123.4589275206479,0.8721547557041958,cart
angle_135_dist_50,bulrush,205.34747189658484,369.39305507675124,0.5559050693411614,cart
angle_135_dist_50,hordeum,1.1884826899768968,369.39305507675124,0.0032173931633066514,cart
angle_135_dist_50,island,162.8571004901895,369.39305507675124,0.440877537495532,cart
angle_135_dist_75,bulrush,603.4903011667209,615.0417662868143,0.9812184053941035,cart
angle_135_dist_75,island,11.551465120093457,615.0417662868143,0.01878159460589645,cart
angle_157.5_dist_100,barren,1.2409406350019805,860.3633204203707,0.0014423448856416392,cart
angle_157.5_dist_100,bulrush,824.4256796307133,860.3633204203707,0.9582296921118181,cart
angle_157.5_dist_100,hordeum,7.854026091712548,860.3633204203707,0.009128731903488282,cart
angle_157.5_dist_100,island,26.8426740629429,860.3633204203707,0.03119923109905204,cart
angle_157.5_dist_125,barren,13.721983103496926,1105.968598708198,0.012407208594823202,cart
angle_157.5_dist_125,bulrush,1003.0122667334844,1105.968598708198,0.9069084492136852,cart
angle_157.5_dist_125,hordeum,7.700600704112302,1105.968598708198,0.006962766133782476,cart
angle_157.5_dist_125,island,81.53374816710438,1105.968598708198,0.0737215760577091,cart
angle_157.5_dist_150,barren,7.018083354861211,1351.5648519732322,0.005192561307446759,cart
angle_157.5_dist_150,bulrush,1239.8147634077538,1351.5648519732322,0.9173179974291817,cart
angle_157.5_dist_150,hordeum,11.62817781389358,1351.5648519732322,0.008603492312571528,cart
angle_157.5_dist_150,island,93.10382739672362,1351.5648519732322,0.06888594895079998,cart
angle_157.5_dist_25,bulrush,2.0232972989782283,123.37262574012334,0.0163998884423533,cart
angle_157.5_dist_25,hordeum,5.352402584333548,123.37262574012334,0.0433840371980738,cart
angle_157.5_dist_25,island,115.99692585681156,123.37262574012334,0.9402160743595729,cart
angle_157.5_dist_50,bulrush,292.9984933303307,369.17701859347625,0.7936531218725983,cart
angle_157.5_dist_50,island,76.17852526314554,369.17701859347625,0.20634687812740168,cart
angle_157.5_dist_75,bulrush,605.7335833964496,614.772707794589,0.9852968027312631,cart
angle_157.5_dist_75,island,9.039124398139442,614.772707794589,0.014703197268736987,cart
angle_180_dist_100,bulrush,835.2681163970832,860.178871516898,0.9710400290629256,cart
angle_180_dist_100,hordeum,4.128947931006594,860.178871516898,0.004800103871099887,cart
angle_180_dist_100,island,20.781807188808212,860.178871516898,0.024159867065974498,cart
angle_180_dist_125,barren,4.850949755007748,1105.7790732293997,0.004386906817508015,cart
angle_180_dist_125,bulrush,990.117765407965,1105.7790732293997,0.8954028787290675,cart
angle_180_dist_125,hordeum,13.153406667096018,1105.7790732293997,0.01189514884621738,cart
angle_180_dist_125,island,97.65695139933115,1105.7790732293997,0.08831506560720714,cart
angle_180_dist_150,barren,0.11281278500018006,1351.3770186862093,8.34798752977575e-5,cart
angle_180_dist_150,bulrush,1280.2209186112725,1351.3770186862093,0.9473454860553172,cart
angle_180_dist_150,hordeum,8.972564854989336,1351.3770186862093,0.006639571881807154,cart
angle_180_dist_150,island,62.07072243494737,1351.3770186862093,0.0459314621875779,cart
angle_180_dist_25,bulrush,1.6803464325776811,123.19268934804812,0.013639984981822338,cart
angle_180_dist_25,hordeum,2.109599079503366,123.19268934804812,0.017124385307826635,cart
angle_180_dist_25,island,119.40274383596707,123.19268934804812,0.969235629710351,cart
angle_180_dist_50,bulrush,295.02122656538415,368.989749370376,0.7995377298930182,cart
angle_180_dist_50,island,73.96852280499182,368.989749370376,0.20046227010698178,cart
angle_180_dist_75,bulrush,608.9075711024317,614.5910792107408,0.9907523745453516,cart
angle_180_dist_75,island,5.683508108309078,614.5910792107408,0.009247625454648401,cart
angle_202.5_dist_100,barren,53.69211689298447,860.3994205115652,0.062403711128792845,cart
angle_202.5_dist_100,bulrush,759.362034009705,860.3994205115652,0.8825692067042692,cart
angle_202.5_dist_100,hordeum,16.930942772827056,860.3994205115652,0.019678003458859228,cart
angle_202.5_dist_100,island,30.414326836048613,860.3994205115652,0.03534907870807869,cart
angle_202.5_dist_125,barren,28.359441957270317,1106.0430551462944,0.02564045027480351,cart
angle_202.5_dist_125,bulrush,975.8147964617137,1106.0430551462944,0.8822575142272779,cart
angle_202.5_dist_125,hordeum,57.45103888919023,1106.0430551462944,0.05194285938678154,cart
angle_202.5_dist_125,island,44.41777783812022,1106.0430551462944,0.04015917611113716,cart
angle_202.5_dist_150,barren,0.11281278500018006,1351.6895101006626,8.346057593639142e-5,cart
angle_202.5_dist_150,bulrush,1319.2586547327357,1351.6895101006626,0.9760071709326859,cart
angle_202.5_dist_150,hordeum,0.9606008642765335,1351.6895101006626,7.10666804098373e-4,cart
angle_202.5_dist_150,island,31.35744171865011,1351.6895101006626,0.023198701687279402,cart
angle_202.5_dist_25,barren,0.05584232857508913,123.18479245309796,4.533216110775268e-4,cart
angle_202.5_dist_25,bulrush,2.9523105834547128,123.18479245309796,0.02396651830686642,cart
angle_202.5_dist_25,hordeum,6.232906371259957,123.18479245309796,0.05059801820612806,cart
angle_202.5_dist_25,island,113.9437331698082,123.18479245309796,0.924982141875928,cart
angle_202.5_dist_50,bulrush,219.33569317268316,369.10707466677604,0.5942332407762596,cart
angle_202.5_dist_50,hordeum,0.05640639250009003,369.10707466677604,1.5281850815515477e-4,cart
angle_202.5_dist_50,island,149.71497510159278,369.10707466677604,0.4056139407155852,cart
angle_202.5_dist_75,bulrush,601.0772356955667,614.7501452375886,0.9777585907901858,cart
angle_202.5_dist_75,hordeum,0.05753452035009183,614.7501452375886,9.359008825911848e-5,cart
angle_202.5_dist_75,island,13.615375021671756,614.7501452375886,0.022147819121554963,cart
angle_22.5_dist_100,barren,3.6664155125058544,860.7406791862007,0.0042596052459985025,cart
angle_22.5_dist_100,bulrush,813.327721906325,860.7406791862007,0.9449160956065153,cart
angle_22.5_dist_100,hordeum,12.36597342779476,860.7406791862007,0.014366665508926965,cart
angle_22.5_dist_100,island,31.380568339575152,860.7406791862007,0.03645763363855923,cart
angle_22.5_dist_125,barren,0.39484474750063026,1106.388262268406,3.568772021235004e-4,cart
angle_22.5_dist_125,bulrush,1073.4525696876033,1106.388262268406,0.9702313430971554,cart
angle_22.5_dist_125,hordeum,7.760955544087398,1106.388262268406,0.0070146763200246405,cart
angle_22.5_dist_125,island,24.779892289214608,1106.388262268406,0.022397103380696472,cart
angle_22.5_dist_150,barren,3.497196335005584,1352.031332839207,0.0025866237342751694,cart
angle_22.5_dist_150,bulrush,1159.4920604876208,1352.031332839207,0.8575925959147248,cart
angle_22.5_dist_150,hordeum,153.03167098059816,1352.031332839207,0.11318648263811928,cart
angle_22.5_dist_150,island,36.0104050359823,1352.031332839207,0.026634297712880676,cart
angle_22.5_dist_25,bulrush,18.96890573385531,122.66021300284395,0.15464595462112482,cart
angle_22.5_dist_25,hordeum,41.58504880676596,122.66021300284395,0.33902638670456076,cart
angle_22.5_dist_25,island,62.10625846222268,122.66021300284395,0.5063276586743144,cart
angle_22.5_dist_50,barren,0.49919657362579684,326.3527213434759,0.0015296228313059117,cart
angle_22.5_dist_50,bulrush,159.9239680801844,326.3527213434759,0.4900341183668866,cart
angle_22.5_dist_50,hordeum,46.81504951937399,326.3527213434759,0.14344923899103215,cart
angle_22.5_dist_50,island,119.11450717029166,326.3527213434759,0.3649870198107753,cart
angle_22.5_dist_75,barren,0.6362641074010157,569.735587766814,0.0011167708689130212,cart
angle_22.5_dist_75,bulrush,544.9004172129494,569.735587766814,0.9564093044438198,cart
angle_22.5_dist_75,hordeum,3.0188701266048197,569.735587766814,0.005298721356757527,cart
angle_22.5_dist_75,island,21.180036319858846,569.735587766814,0.037175203330509846,cart
angle_225_dist_100,barren,103.36640644819057,860.7418073140307,0.12008991031904026,cart
angle_225_dist_100,bulrush,526.7048431202692,860.7418073140307,0.6119196705035934,cart
angle_225_dist_100,hordeum,161.18972752788665,860.7418073140307,0.1872683842683136,cart
angle_225_dist_100,island,69.48083021768439,860.7418073140307,0.0807220349090528,cart
angle_225_dist_125,barren,270.74673555296795,1106.3876982044612,0.2447123517301923,cart
angle_225_dist_125,bulrush,447.908497181187,1106.3876982044612,0.4048386455381694,cart
angle_225_dist_125,hordeum,299.7396212980163,1106.3876982044612,0.27091734821749996,cart
angle_225_dist_125,island,87.99284417229012,1106.3876982044612,0.07953165451413848,cart
angle_225_dist_150,barren,6.961112898436121,1352.0335890949075,0.00514862423136699,cart
angle_225_dist_150,bulrush,1291.684389759061,1352.0335890949075,0.9553641271765696,cart
angle_225_dist_150,hordeum,18.84142728680511,1352.0335890949075,0.013935620711478134,cart
angle_225_dist_150,island,34.54665915060505,1352.0335890949075,0.025551627880585157,cart
angle_225_dist_25,barren,0.0033843835500054,123.14079546694651,2.748385323622371e-5,cart
angle_225_dist_25,bulrush,3.7459485259309813,123.14079546694651,0.030420044890293645,cart
angle_225_dist_25,hordeum,27.14783264636839,123.14079546694651,0.2204617287343691,cart
angle_225_dist_25,island,92.24362991109714,123.14079546694651,0.7490907425221011,cart
angle_225_dist_50,bulrush,78.51657023227438,369.45115366102294,0.21252219530031438,cart
angle_225_dist_50,hordeum,43.017207112343065,369.45115366102294,0.1164354385852372,cart
angle_225_dist_50,island,247.9173763164055,369.45115366102294,0.6710423661144485,cart
angle_225_dist_75,bulrush,500.189326133822,615.0930961039818,0.8131928797478565,cart
angle_225_dist_75,hordeum,0.28203196250045015,615.0930961039818,4.5851914821813005e-4,cart
angle_225_dist_75,island,114.62173800765933,615.0930961039818,0.18634860110392537,cart
angle_247.5_dist_100,barren,0.752461275951201,860.2364060372354,8.74714521113433e-4,cart
angle_247.5_dist_100,bulrush,241.46956158971997,860.2364060372354,0.280701397772821,cart
angle_247.5_dist_100,hordeum,111.20971532532859,860.2364060372354,0.12927808512270156,cart
angle_247.5_dist_100,island,506.8046678462356,860.2364060372354,0.5891458025833639,cart
angle_247.5_dist_125,barren,42.94218661031799,1105.8326593022653,0.03883244562284201,cart
angle_247.5_dist_125,bulrush,575.53472897975,1105.8326593022653,0.5204537270068408,cart
angle_247.5_dist_125,hordeum,346.16321045344387,1105.8326593022653,0.31303399075937816,cart
angle_247.5_dist_125,island,141.19253325875354,1105.8326593022653,0.12767983661093912,cart
angle_247.5_dist_150,barren,42.640412410442494,1351.4294766312325,0.03155208107250562,cart
angle_247.5_dist_150,bulrush,1273.650702012859,1351.4294766312325,0.9424470340751661,cart
angle_247.5_dist_150,hordeum,5.8809304820593935,1351.4294766312325,0.004351636976809953,cart
angle_247.5_dist_150,island,29.257431725871758,1351.4294766312325,0.021649247875518477,cart
angle_247.5_dist_25,bulrush,5.400348017958627,122.20332122359468,0.04419149957534822,cart
angle_247.5_dist_25,hordeum,29.065085927446447,122.20332122359468,0.23784202946715527,cart
angle_247.5_dist_25,island,87.73788727818962,122.20332122359468,0.7179664709574965,cart
angle_247.5_dist_50,bulrush,14.180567074522662,369.04671982679974,0.038424856021421504,cart
angle_247.5_dist_50,hordeum,93.56974419877432,369.04671982679974,0.253544440776193,cart
angle_247.5_dist_50,island,261.2964085535028,369.04671982679974,0.7080307032023855,cart
angle_247.5_dist_75,bulrush,38.601150643511325,614.6412809000556,0.06280273037792934,cart
angle_247.5_dist_75,hordeum,91.19108662704544,614.6412809000556,0.1483647282745294,cart
angle_247.5_dist_75,island,484.8490436294988,614.6412809000556,0.7888325413475412,cart
angle_270_dist_100,barren,0.5640639250009004,860.3119906031885,6.556504281724814e-4,cart
angle_270_dist_100,bulrush,738.1363085119219,860.3119906031885,0.8579867729082726,cart
angle_270_dist_100,hordeum,61.74920599769677,860.3119906031885,0.0717753636728958,cart
angle_270_dist_100,island,59.862412168568866,860.3119906031885,0.06958221299065898,cart
angle_270_dist_125,barren,25.91817328986642,1105.9110641878465,0.02343603760660454,cart
angle_270_dist_125,bulrush,905.2430666130746,1105.9110641878465,0.8185496066791433,cart
angle_270_dist_125,hordeum,127.09996015653022,1105.9110641878465,0.11492783124461212,cart
angle_270_dist_125,island,47.649864128375164,1105.9110641878465,0.04308652446963991,cart
angle_270_dist_150,barren,0.21434429150034212,1351.5078815168172,1.585964051203167e-4,cart
angle_270_dist_150,bulrush,1337.8163578652702,1351.5078815168172,0.9898694459434593,cart
angle_270_dist_150,hordeum,0.1692191775002701,1351.5078815168172,1.2520768825288162e-4,cart
angle_270_dist_150,island,13.307960182546266,1351.5078815168172,0.009846749963167471,cart
angle_270_dist_25,bulrush,2.835549350979526,122.26424012749438,0.023191976231338614,cart
angle_270_dist_25,hordeum,37.09115151628388,122.26424012749438,0.30336876487848013,cart
angle_270_dist_25,island,82.33753926023097,122.26424012749438,0.6734392588901812,cart
angle_270_dist_50,bulrush,35.176154490905994,369.1206122009728,0.09529718289412094,cart
angle_270_dist_50,hordeum,82.31948921463076,369.1206122009728,0.22301515139937725,cart
angle_270_dist_50,island,251.62496849543604,369.1206122009728,0.6816876657065019,cart
angle_270_dist_75,bulrush,383.6977162147812,614.7208139134805,0.6241820799462716,cart
angle_270_dist_75,hordeum,34.47784335175487,614.7208139134805,0.056086995220252116,cart
angle_270_dist_75,island,196.54525434694443,614.7208139134805,0.31973092483347637,cart
angle_292.5_dist_100,barren,4.960942220382924,860.6876571772449,0.005763928620346529,cart
angle_292.5_dist_100,bulrush,815.722173267948,860.6876571772449,0.9477563277057232,cart
angle_292.5_dist_100,hordeum,13.072181461895887,860.6876571772449,0.015188066603357692,cart
angle_292.5_dist_100,island,26.93236022701804,860.6876571772449,0.03129167707057259,cart
angle_292.5_dist_125,bulrush,1090.177629127805,1106.3329840037559,0.9853973847751645,cart
angle_292.5_dist_125,hordeum,0.22562557000036013,1106.3329840037559,2.039400192009408e-4,cart
angle_292.5_dist_125,island,15.929729305950454,1106.3329840037559,0.01439867520563445,cart
angle_292.5_dist_150,bulrush,1340.8510217817698,1351.9805670859625,0.9917679694700189,cart
angle_292.5_dist_150,hordeum,0.8460958875013507,1351.9805670859625,6.258195628691708e-4,cart
angle_292.5_dist_150,island,10.28344941669143,1351.9805670859625,0.007606210967111913,cart
angle_292.5_dist_25,bulrush,10.147510010766212,122.13619761651992,0.08308355924610573,cart
angle_292.5_dist_25,hordeum,18.070351901328863,122.13619761651992,0.1479524682606027,cart
angle_292.5_dist_25,island,93.91833570442485,122.13619761651992,0.7689639724932915,cart
angle_292.5_dist_50,bulrush,147.42769588571377,369.3953113324452,0.3991054877061855,cart
angle_292.5_dist_50,hordeum,71.71113897713805,369.3953113324452,0.19413115645260606,cart
angle_292.5_dist_50,island,150.25647646959337,369.3953113324452,0.4067633558412084,cart
angle_292.5_dist_75,bulrush,563.6374926736299,615.0383819032611,0.9164265341122793,cart
angle_292.5_dist_75,hordeum,4.456105007507117,615.0383819032611,0.00724524702623846,cart
angle_292.5_dist_75,island,46.94478422212412,615.0383819032611,0.07632821886148242,cart
angle_315_dist_100,barren,22.384876863660782,860.4552628401427,0.026015154802788966,cart
angle_315_dist_100,bulrush,766.4652910172434,860.4552628401427,0.8907671602673887,cart
angle_315_dist_100,hordeum,25.4003626067156,860.4552628401427,0.02951967836523598,cart
angle_315_dist_100,island,46.20473235252294,860.4552628401427,0.05369800656458645,cart
angle_315_dist_125,bulrush,1087.8570701403496,1106.0932568356288,0.9835129754362211,cart
angle_315_dist_125,island,18.23618669527914,1106.0932568356288,0.016487024563778832,cart
angle_315_dist_150,barren,1.0717214575017107,1351.746480557075,7.928420550131842e-4,cart
angle_315_dist_150,bulrush,1207.9930970788207,1351.746480557075,0.893653591449329,cart
angle_315_dist_150,hordeum,101.06446157026186,1351.746480557075,0.0747658403583279,cart
angle_315_dist_150,island,41.61720045049092,1351.746480557075,0.030787726137330017,cart
angle_315_dist_25,bulrush,18.457299753879507,122.35336222764391,0.15085241155481183,cart
angle_315_dist_25,hordeum,31.70377696860067,122.35336222764391,0.25911651622302273,cart
angle_315_dist_25,island,72.19228550516374,122.35336222764391,0.5900310722221654,cart
angle_315_dist_50,bulrush,213.32277173217335,369.1578404200235,0.5778633104188095,cart
angle_315_dist_50,hordeum,35.52248974085654,369.1578404200235,0.09622574912790548,cart
angle_315_dist_50,island,120.31257894699361,369.1578404200235,0.3259109404532851,cart
angle_315_dist_75,barren,0.39484474750063026,614.8082438218594,6.422242243307272e-4,cart
angle_315_dist_75,bulrush,507.3298113604138,614.8082438218594,0.8251838137476448,cart
angle_315_dist_75,hordeum,29.217383187196695,614.8082438218594,0.047522757674118676,cart
angle_315_dist_75,island,77.86620452674826,614.8082438218594,0.1266512043539058,cart
angle_337.5_dist_100,barren,1.74859816750279,860.1822559004437,0.0020328228762081907,cart
angle_337.5_dist_100,bulrush,782.937085755121,860.1822559004437,0.9101990658195314,cart
angle_337.5_dist_100,hordeum,39.25884918006229,860.1822559004437,0.04564015231744801,cart
angle_337.5_dist_100,island,36.237722797757655,860.1822559004437,0.042127958986812396,cart
angle_337.5_dist_125,bulrush,1099.4598650776213,1105.7802013572564,0.9942842743323878,cart
angle_337.5_dist_125,island,6.320336279635097,1105.7802013572564,0.005715725667612236,cart
angle_337.5_dist_150,bulrush,1342.4450664338249,1351.3792749419142,0.9933888223137999,cart
angle_337.5_dist_150,hordeum,0.9589086725015308,1351.3792749419142,7.095777553216858e-4,cart
angle_337.5_dist_150,island,7.975299835587742,1351.3792749419142,0.005901599930878429,cart
angle_337.5_dist_25,bulrush,33.57139262427856,122.56883464699435,0.27389827700464153,cart
angle_337.5_dist_25,hordeum,33.982595225604186,122.56883464699435,0.2772531477799892,cart
angle_337.5_dist_25,island,55.0148467971116,122.56883464699435,0.44884857521536925,cart
angle_337.5_dist_50,bulrush,280.89819401121036,368.98862124252435,0.761265193125251,cart
angle_337.5_dist_50,hordeum,21.75989403475977,368.98862124252435,0.05897172102891946,cart
angle_337.5_dist_50,island,66.33053319655417,368.98862124252435,0.1797630858458295,cart
angle_337.5_dist_75,bulrush,596.1941342968352,614.5854385714895,0.970075268432324,cart
angle_337.5_dist_75,hordeum,2.7340178444793644,614.5854385714895,0.004448556169560694,cart
angle_337.5_dist_75,island,15.657286430175015,614.5854385714895,0.025476175398115516,cart
angle_45_dist_100,barren,0.05640639250009003,860.3988564476479,6.555842337236086e-5,cart
angle_45_dist_100,bulrush,850.4047718244819,860.3988564476479,0.9883843585468851,cart
angle_45_dist_100,island,9.937678230665876,860.3988564476479,0.011550083029742551,cart
angle_45_dist_125,barren,0.1692191775002701,1106.0441832741526,1.5299495269650195e-4,cart
angle_45_dist_125,bulrush,1046.344785579907,1106.0441832741526,0.9460244006550251,cart
angle_45_dist_125,hordeum,31.58532354435048,1106.0441832741526,0.0285570179039778,cart
angle_45_dist_125,island,27.944854972394655,1106.0441832741526,0.025265586488300375,cart
angle_45_dist_150,barren,3.222497203530145,1351.6895101006521,0.0023840513516230405,cart
angle_45_dist_150,bulrush,1174.3686824455942,1351.6895101006521,0.8688154148345401,cart
angle_45_dist_150,hordeum,115.51465120093584,1351.6895101006521,0.08545945673006974,cart
angle_45_dist_150,island,58.58367925059198,1351.6895101006521,0.04334107708376727,cart
angle_45_dist_25,bulrush,21.34756330558411,122.4374077524697,0.17435491078627077,cart
angle_45_dist_25,hordeum,21.951675769260074,122.4374077524697,0.17928896219070176,cart
angle_45_dist_25,island,79.13816867762552,122.4374077524697,0.6463561270230275,cart
angle_45_dist_50,barren,0.05640639250009003,368.3726634364226,1.531231768771713e-4,cart
angle_45_dist_50,bulrush,160.9635378939613,368.3726634364226,0.436958422463783,cart
angle_45_dist_50,hordeum,32.50869618957692,368.3726634364226,0.08824948052962023,cart
angle_45_dist_50,island,174.84402296038428,368.3726634364226,0.47463897382971953,cart
angle_45_dist_75,barren,0.22562557000036013,614.7512733654339,3.670192804403332e-4,cart
angle_45_dist_75,bulrush,491.4378743374353,614.7512733654339,0.7994092824681374,cart
angle_45_dist_75,hordeum,1.3633425067271758,614.7512733654339,0.002217714002060713,cart
angle_45_dist_75,island,121.7244309512711,614.7512733654339,0.1980059842493616,cart
angle_67.5_dist_100,bulrush,822.544526440839,860.312554667124,0.9560996430641439,cart
angle_67.5_dist_100,hordeum,1.125307530376796,860.312554667124,0.0013080217465990661,cart
angle_67.5_dist_100,island,36.642720695908196,860.312554667124,0.04259233518925707,cart
angle_67.5_dist_125,barren,1.1281278500018006,1105.9133204435595,0.0010200870440274029,cart
angle_67.5_dist_125,bulrush,1091.233556795411,1105.9133204435595,0.9867261173395934,cart
angle_67.5_dist_125,hordeum,0.11281278500018006,1105.9133204435595,1.0200870440274028e-4,cart
angle_67.5_dist_125,island,13.438823013146473,1105.9133204435595,0.012151786911976457,cart
angle_67.5_dist_150,bulrush,1344.4920544176564,1351.5129580921425,0.9948051525274333,cart
angle_67.5_dist_150,hordeum,0.05640639250009003,1351.5129580921425,4.173573931523074e-5,cart
angle_67.5_dist_150,island,6.964497281986126,1351.5129580921425,0.0051531117332515464,cart
angle_67.5_dist_25,bulrush,9.870554623590769,122.73072099347135,0.08042448169204378,cart
angle_67.5_dist_25,hordeum,17.400243958427804,122.73072099347135,0.14177578211533043,cart
angle_67.5_dist_25,island,95.45992241145278,122.73072099347135,0.7777997361926258,cart
angle_67.5_dist_50,bulrush,118.71063739999117,369.1200481370472,0.3216044156884055,cart
angle_67.5_dist_50,hordeum,38.86400443256167,369.1200481370472,0.10528825142039484,cart
angle_67.5_dist_50,island,211.54540630449438,369.1200481370472,0.57310733289119975,cart
angle_67.5_dist_75,barren,0.05640639250009003,614.7174295299328,9.175987175639926e-5,cart
angle_67.5_dist_75,bulrush,443.20928062200505,614.7174295299328,0.7209967691349211,cart
angle_67.5_dist_75,hordeum,5.785039614809241,614.7174295299328,0.00941089244733632,cart
angle_67.5_dist_75,island,165.66670290061847,614.7174295299328,0.2695005785459863,cart
angle_90_dist_100,barren,0.9025022800014407,860.2352779093857,0.001049134234758165,cart
angle_90_dist_100,bulrush,355.69758297773467,860.2352779093857,0.4134887188562879,cart
angle_90_dist_100,hordeum,89.47633229504262,860.2352779093857,0.10401379086951112,cart
angle_90_dist_100,island,414.15886035660697,860.2352779093857,0.48144835603944286,cart
angle_90_dist_125,bulrush,1049.6755830570373,1105.8354796219007,0.9492149622617777,cart
angle_90_dist_125,hordeum,2.6573051506792416,1105.8354796219007,0.002402984168664771,cart
angle_90_dist_125,island,53.50259141418416,1105.8354796219007,0.04838205356955754,cart
angle_90_dist_150,barren,37.45384462005952,1351.4322969508546,0.027714184946270783,cart
angle_90_dist_150,bulrush,1212.8773266054088,1351.4322969508546,0.8974754631378442,cart
angle_90_dist_150,hordeum,12.296593565019649,1351.4322969508546,0.009098934214287776,cart
angle_90_dist_150,island,88.80453216036648,1351.4322969508546,0.06571141770159715,cart
angle_90_dist_25,bulrush,3.162142363555049,122.65852081107158,0.025780046446391053,cart
angle_90_dist_25,hordeum,13.826334929622089,122.65852081107158,0.1127221724034852,cart
angle_90_dist_25,island,105.67004351789444,122.65852081107158,0.8614977811501238,cart
angle_90_dist_50,bulrush,7.595120750137134,369.0422073154045,0.02058062898926331,cart
angle_90_dist_50,hordeum,25.261602881165373,369.0422073154045,0.06845179868430434,cart
angle_90_dist_50,island,336.185483684102,369.0422073154045,0.9109675723264324,cart
angle_90_dist_75,barren,0.05640639250009003,614.6412809000587,9.177123999463643e-5,cart
angle_90_dist_75,bulrush,55.916785013187976,614.6412809000587,0.0909746656314809,cart
angle_90_dist_75,hordeum,7.315345043336687,614.6412809000587,0.011901812114904415,cart
angle_90_dist_75,island,551.352744451034,614.6412809000587,0.8970317510136201,cart
angle_0_dist_100,barren,2.0577051984032835,792.7647715204055,0.0025956062533617754,cart_manual
angle_0_dist_100,bulrush,732.650222777361,792.7647715204055,0.9241710140225409,cart_manual
angle_0_dist_100,hordeum,58.05684354464118,792.7647715204055,0.07323337972409742,cart_manual
angle_0_dist_125,barren,0.31869611762550865,1035.8915529217882,3.076539399579126e-4,cart_manual
angle_0_dist_125,bulrush,1027.4791035443247,1035.8915529217882,0.9918790250256065,cart_manual
angle_0_dist_125,hordeum,8.09375325983793,1035.8915529217882,0.007813321034435565,cart_manual
angle_0_dist_150,barren,2.763913232504412,1274.706065616534,0.002168274951423877,cart_manual
angle_0_dist_150,bulrush,1239.3443340943027,1274.706065616534,0.9722589132694461,cart_manual
angle_0_dist_150,hordeum,32.59781828972706,1274.706065616534,0.025572811779130077,cart_manual
angle_0_dist_25,island,123.57512468919909,123.57512468919909,1,cart_manual
angle_0_dist_50,barren,0.11281278500018006,369.1758904656258,3.055800444007709e-4,cart_manual
angle_0_dist_50,bulrush,224.67004571141717,369.1758904656258,0.6085718258254905,cart_manual
angle_0_dist_50,hordeum,6.074968472259705,369.1758904656258,0.016455485390981538,cart_manual
angle_0_dist_50,island,138.31806349694872,369.1758904656258,0.3746671087391272,cart_manual
angle_0_dist_75,barren,1.1281278500018006,589.2239963755975,0.001914599298299253,cart_manual
angle_0_dist_75,bulrush,583.3571674916632,589.2239963755975,0.9900431263491948,cart_manual
angle_0_dist_75,hordeum,4.738701033932568,589.2239963755975,0.00804227435250602,cart_manual
angle_112.5_dist_100,barren,1.9866331438531695,860.4524425205241,0.0023088238764640183,cart_manual
angle_112.5_dist_100,bulrush,839.1844122283651,860.4524425205241,0.9752827358710744,cart_manual
angle_112.5_dist_100,hordeum,18.876963314080164,860.4524425205241,0.021938415630251288,cart_manual
angle_112.5_dist_100,island,0.40443383422564555,860.4524425205241,4.7002462221030735e-4,cart_manual
angle_112.5_dist_125,barren,0.6204703175009905,1106.1000256027291,5.609531716292002e-4,cart_manual
angle_112.5_dist_125,bulrush,1086.2438473148475,1106.1000256027291,0.9820484785930081,cart_manual
angle_112.5_dist_125,hordeum,19.235707970380744,1106.1000256027291,0.01739056823536275,cart_manual
angle_112.5_dist_150,barren,11.4521898692933,1349.4558169576524,0.00848652451260854,cart_manual
angle_112.5_dist_150,bulrush,1299.583540964773,1349.4558169576524,0.9630426758948534,cart_manual
angle_112.5_dist_150,hordeum,38.42008612358598,1349.4558169576524,0.028470799592538013,cart_manual
angle_112.5_dist_25,island,123.51533391314877,123.51533391314877,1,cart_manual
angle_112.5_dist_50,bulrush,5.360863543208564,369.1589685478829,0.014521829347112871,cart_manual
angle_112.5_dist_50,hordeum,0.007332831025011698,369.1589685478829,1.9863613374628256e-5,cart_manual
angle_112.5_dist_50,island,363.7907721736494,369.1589685478829,0.9854583070395125,cart_manual
angle_112.5_dist_75,barren,0.1692191775002701,605.1610585125694,2.796266797407543e-4,cart_manual
angle_112.5_dist_75,bulrush,395.3924535718274,605.1610585125694,0.6533673110818894,cart_manual
angle_112.5_dist_75,hordeum,5.093497242758135,605.1610585125694,0.008416763060196711,cart_manual
angle_112.5_dist_75,island,204.50588852048358,605.1610585125694,0.33793629917817314,cart_manual
angle_135_dist_100,barren,0.11281278500018006,860.6837087297735,1.3107345225189988e-4,cart_manual
angle_135_dist_100,bulrush,858.4680656323699,860.6837087297735,0.9974257173977726,cart_manual
angle_135_dist_100,hordeum,2.1028303124033556,860.6837087297735,0.0024432091499754127,cart_manual
angle_135_dist_125,barren,18.839735095030107,1106.335804323378,0.01702894819222837,cart_manual
angle_135_dist_125,bulrush,1057.8782006544004,1106.335804323378,0.956199913733594,cart_manual
angle_135_dist_125,hordeum,29.617868573947334,1106.335804323378,0.026771138074177466,cart_manual
angle_135_dist_150,barren,6.486735137510363,1349.815125677879,0.004805647095006966,cart_manual
angle_135_dist_150,bulrush,1277.1806140555148,1349.815125677879,0.9461892890066059,cart_manual
angle_135_dist_150,hordeum,66.14777648485386,1349.815125677879,0.049005063898387095,cart_manual
angle_135_dist_25,island,123.74829231417435,123.74829231417435,1,cart_manual
angle_135_dist_50,bulrush,126.84274700672952,369.39305507675124,0.3433815153356756,cart_manual
angle_135_dist_50,hordeum,4.311140578781885,369.39305507675124,0.011670876102113318,cart_manual
angle_135_dist_50,island,238.23916749123984,369.39305507675124,0.6449476085622111,cart_manual
angle_135_dist_75,bulrush,614.2362830019138,615.041766286815,0.9986903600225978,cart_manual
angle_135_dist_75,hordeum,0.8054832849012858,615.041766286815,0.00130963997740222,cart_manual
angle_157.5_dist_100,barren,2.9331324100046823,860.3633204203717,0.003409178820607508,cart_manual
angle_157.5_dist_100,bulrush,840.50375774894,860.3633204203717,0.9769172369392405,cart_manual
angle_157.5_dist_100,hordeum,16.926430261427047,860.3633204203717,0.019673584240151972,cart_manual
angle_157.5_dist_125,barren,32.26727682967657,1105.968598708201,0.029175581356799422,cart_manual
angle_157.5_dist_125,bulrush,1036.25142570594,1105.968598708201,0.936962791634688,cart_manual
angle_157.5_dist_125,hordeum,37.449896172584516,1105.968598708201,0.03386162700851266,cart_manual
angle_157.5_dist_150,barren,19.064232537180466,1349.3446963644299,0.014128511853602465,cart_manual
angle_157.5_dist_150,bulrush,1278.3014090744925,1349.3446963644299,0.9473497858024337,cart_manual
angle_157.5_dist_150,hordeum,51.979054752756824,1349.3446963644299,0.038521702343963835,cart_manual
angle_157.5_dist_25,island,123.57625281704912,123.57625281704912,1,cart_manual
angle_157.5_dist_50,bulrush,186.26857369735313,369.17701859347585,0.5045508369047891,cart_manual
angle_157.5_dist_50,hordeum,1.63578538250261,369.17701859347585,0.004430897103873838,cart_manual
angle_157.5_dist_50,island,181.2726595136201,369.17701859347585,0.4910182659913371,cart_manual
angle_157.5_dist_75,barren,0.05640639250009003,614.7727077945896,9.175162102175943e-5,cart_manual
angle_157.5_dist_75,bulrush,614.6598950095894,614.7727077945896,0.9998164967579565,cart_manual
angle_157.5_dist_75,hordeum,0.05640639250009003,614.7727077945896,9.175162102175943e-5,cart_manual
angle_180_dist_100,barren,0.5640639250009004,860.1788715168987,6.557518949589999e-4,cart_manual
angle_180_dist_100,bulrush,844.1041777822229,860.1788715168987,0.9813123824974583,cart_manual
angle_180_dist_100,hordeum,15.510629809674786,860.1788715168987,0.01803186560758261,cart_manual
angle_180_dist_125,barren,14.840521866773715,1105.7790732294027,0.013420874228911122,cart_manual
angle_180_dist_125,bulrush,1039.7582111276733,1105.7790732294027,0.940294708319161,cart_manual
angle_180_dist_125,hordeum,51.1803402349556,1105.7790732294027,0.04628441745192788,cart_manual
angle_180_dist_150,barren,2.060525518028288,1349.1828100179594,0.0015272396762903166,cart_manual
angle_180_dist_150,bulrush,1314.2147951153786,1349.1828100179594,0.9740820779490102,cart_manual
angle_180_dist_150,hordeum,32.907489384552534,1349.1828100179594,0.024390682374699463,cart_manual
angle_180_dist_25,island,123.3895476578737,123.3895476578737,1,cart_manual
angle_180_dist_50,bulrush,191.07044989088604,368.98974937037525,0.5178204820511102,cart_manual
angle_180_dist_50,hordeum,0.28203196250045015,368.98974937037525,7.64335494364531e-4,cart_manual
angle_180_dist_50,island,177.63726751698877,368.98974937037525,0.4814151824545253,cart_manual
angle_180_dist_75,bulrush,614.5910792107412,614.5910792107412,1,cart_manual
angle_202.5_dist_100,barren,71.31403797393742,860.3994205115642,0.08288480474747009,cart_manual
angle_202.5_dist_100,bulrush,754.9262353034974,860.3994205115642,0.8774136956701387,cart_manual
angle_202.5_dist_100,hordeum,34.15914723412947,860.3994205115642,0.039701499582391164,cart_manual
angle_202.5_dist_125,barren,36.12208969313247,1106.0430551462964,0.03265884589669486,cart_manual
angle_202.5_dist_125,bulrush,986.213314919106,1106.0430551462964,0.891659063659741,cart_manual
angle_202.5_dist_125,hordeum,83.70765053405806,1106.0430551462964,0.07568209044356419,cart_manual
angle_202.5_dist_150,barren,1.1845342425018905,1349.4749951311096,8.777741319962775e-4,cart_manual
angle_202.5_dist_150,bulrush,1339.791145666694,1349.4749951311096,0.9928239874770894,cart_manual
angle_202.5_dist_150,hordeum,8.49931522191358,1349.4749951311096,0.0062982383909142535,cart_manual
angle_202.5_dist_25,island,123.45892752064901,123.45892752064901,1,cart_manual
angle_202.5_dist_50,bulrush,104.63667840729269,369.10707466677604,0.2834859735532217,cart_manual
angle_202.5_dist_50,hordeum,0.05640639250009003,369.10707466677604,1.5281850815515477e-4,cart_manual
angle_202.5_dist_50,island,264.41398986698323,369.10707466677604,0.7163612079386231,cart_manual
angle_202.5_dist_75,bulrush,612.3235422322354,614.7501452375892,0.996052700395189,cart_manual
angle_202.5_dist_75,hordeum,2.426603005353873,614.7501452375892,0.003947299604811052,cart_manual
angle_22.5_dist_100,barren,5.52782646500883,860.7406791862021,0.006422174063197735,cart_manual
angle_22.5_dist_100,bulrush,829.8175666898027,860.7406791862021,0.9640738340313646,cart_manual
angle_22.5_dist_100,hordeum,25.395286031390587,860.7406791862021,0.02950399190543762,cart_manual
angle_22.5_dist_125,barren,0.8460958875013507,1106.3882622684064,7.64736861693215e-4,cart_manual
angle_22.5_dist_125,bulrush,1084.830867182722,1106.3882622684064,0.9805155244132058,cart_manual
angle_22.5_dist_125,hordeum,20.711299198183106,1106.3882622684064,0.018719738725101017,cart_manual
angle_22.5_dist_150,barren,4.963762540007928,1350.521333711982,0.0036754417839255857,cart_manual
angle_22.5_dist_150,bulrush,1166.0696099170568,1350.521333711982,0.8634218363008385,cart_manual
angle_22.5_dist_150,hordeum,179.48796125491705,1350.521333711982,0.13290272191523592,cart_manual
angle_22.5_dist_25,island,123.80244245097428,123.80244245097428,1,cart_manual
angle_22.5_dist_50,barren,0.7823566639762489,333.06508205098964,0.002348960326788253,cart_manual
angle_22.5_dist_50,bulrush,153.61378495119894,333.06508205098964,0.4612125174012744,cart_manual
angle_22.5_dist_50,hordeum,15.120297573574161,333.06508205098964,0.045397426474323,cart_manual
angle_22.5_dist_50,island,163.5486428622403,333.06508205098964,0.4910410957976144,cart_manual
angle_22.5_dist_75,barren,1.4586693100523276,569.7355877668152,0.002560256619688887,cart_manual
angle_22.5_dist_75,bulrush,559.0883171184983,569.7355877668152,0.9813119087574449,cart_manual
angle_22.5_dist_75,hordeum,9.18860133826468,569.7355877668152,0.016127834622866224,cart_manual
angle_225_dist_100,barren,137.4409440935721,860.7418073140326,0.1596773189424366,cart_manual
angle_225_dist_100,bulrush,465.0233247935645,860.7418073140326,0.5402587870626175,cart_manual
angle_225_dist_100,hordeum,229.70544436990045,860.7418073140326,0.266869161481423,cart_manual
angle_225_dist_100,island,28.572094056995663,860.7418073140326,0.03319473251352299,cart_manual
angle_225_dist_125,barren,304.6029804593741,1106.387698204467,0.27531305793955213,cart_manual
angle_225_dist_125,bulrush,427.2682700375526,1106.387698204467,0.3861831351984094,cart_manual
angle_225_dist_125,hordeum,374.51644770754024,1106.387698204467,0.3385038068620385,cart_manual
angle_225_dist_150,barren,14.606999401823339,1349.8405085545064,0.010821278002291861,cart_manual
angle_225_dist_150,bulrush,1303.6222386677825,1349.8405085545064,0.9657601993762824,cart_manual
angle_225_dist_150,hordeum,31.61127048490052,1349.8405085545064,0.02341852262142573,cart_manual
angle_225_dist_25,island,123.80187838704948,123.80187838704948,1,cart_manual
angle_225_dist_50,bulrush,0.9103991749514532,369.4511536610307,0.0024641936178300293,cart_manual
angle_225_dist_50,island,368.5407544860792,369.4511536610307,0.99753580638217,cart_manual
angle_225_dist_75,bulrush,316.06870786286737,615.0930961039826,0.5138550731017072,cart_manual
angle_225_dist_75,hordeum,4.3996986150070265,615.0930961039826,0.007152898712202827,cart_manual
angle_225_dist_75,island,294.6246896261082,615.0930961039826,0.47899202818609,cart_manual
angle_247.5_dist_100,barren,3.554166791430675,860.2364060372352,0.004131616339981819,cart_manual
angle_247.5_dist_100,bulrush,133.93810711931636,860.2364060372352,0.1556991847581941,cart_manual
angle_247.5_dist_100,hordeum,218.87146856240733,860.2364060372352,0.25443176669383316,cart_manual
angle_247.5_dist_100,island,503.8726635640808,860.2364060372352,0.585737432207991,cart_manual
angle_247.5_dist_125,barren,54.464320406310705,1105.8326593022698,0.04925186460008806,cart_manual
angle_247.5_dist_125,bulrush,578.8796280550054,1105.8326593022698,0.5234785057083159,cart_manual
angle_247.5_dist_125,hordeum,472.48871084095373,1105.8326593022698,0.42726962969159604,cart_manual
angle_247.5_dist_150,barren,52.16181146445714,1349.180553762254,0.038661846495638745,cart_manual
angle_247.5_dist_150,bulrush,1285.3341580914032,1349.180553762254,0.9526776490419966,cart_manual
angle_247.5_dist_150,hordeum,11.68458420639367,1349.180553762254,0.008660504462364693,cart_manual
angle_247.5_dist_25,island,123.44200560289886,123.44200560289886,1,cart_manual
angle_247.5_dist_50,island,369.0467198268067,369.0467198268067,1,cart_manual
angle_247.5_dist_75,island,614.6412809000648,614.6412809000648,1,cart_manual
angle_270_dist_100,barren,1.2409406350019805,860.3119906031922,0.0014424309419794527,cart_manual
angle_270_dist_100,bulrush,744.7099094938827,860.3119906031922,0.8656277229981915,cart_manual
angle_270_dist_100,hordeum,89.51017613054273,860.3119906031922,0.10404385514583413,cart_manual
angle_270_dist_100,island,24.850964343764712,860.3119906031922,0.028885990913994943,cart_manual
angle_270_dist_125,barren,35.562538279531616,1105.9110641878485,0.03215677953782639,cart_manual
angle_270_dist_125,bulrush,919.5240370662483,1105.9110641878485,0.8314629149148826,cart_manual
angle_270_dist_125,hordeum,150.82448884206866,1105.9110641878485,0.1363803055472911,cart_manual
angle_270_dist_150,barren,0.5634998610758996,1349.2657274149394,4.1763445822900276e-4,cart_manual
angle_270_dist_150,bulrush,1347.179254956361,1349.2657274149394,0.9984536237627737,cart_manual
angle_270_dist_150,hordeum,1.5229725975024302,1349.2657274149394,0.0011287417789973041,cart_manual
angle_270_dist_25,island,123.52041048847441,123.52041048847441,1,cart_manual
angle_270_dist_50,island,369.1206122009808,369.1206122009808,1,cart_manual
angle_270_dist_75,barren,0.1692191775002701,614.7208139134807,2.752780997002112e-4,cart_manual
angle_270_dist_75,bulrush,266.5461515034867,614.7208139134807,0.43360521633647164,cart_manual
angle_270_dist_75,hordeum,33.62892714462865,614.7208139134807,0.05470601675342292,cart_manual
angle_270_dist_75,island,314.3765160878651,614.7208139134807,0.5114134888104054,cart_manual
angle_292.5_dist_100,barren,7.837668237887522,860.6876571772458,0.009106286319467308,cart_manual
angle_292.5_dist_100,bulrush,829.7882353656964,860.6876571772458,0.9640991461259144,cart_manual
angle_292.5_dist_100,hordeum,23.061753573661854,860.6876571772458,0.026794567554618284,cart_manual
angle_292.5_dist_125,barren,0.5640639250009004,1106.332984003757,5.098500480023516e-4,cart_manual
angle_292.5_dist_125,bulrush,1102.8921940612515,1106.332984003757,0.9968899147071857,cart_manual
angle_292.5_dist_125,hordeum,2.876726017504592,1106.332984003757,0.0026002352448119934,cart_manual
angle_292.5_dist_150,barren,0.05640639250009003,1349.7637958607093,4.178982476272535e-5,cart_manual
angle_292.5_dist_150,bulrush,1347.2819145907054,1349.7637958607093,0.9981612477104401,cart_manual
angle_292.5_dist_150,hordeum,2.425474877503871,1349.7637958607093,0.0017969624647971897,cart_manual
angle_292.5_dist_25,island,123.74829231417421,123.74829231417421,1,cart_manual
angle_292.5_dist_50,bulrush,6.367153585410168,369.3953113324571,0.01723669302255899,cart_manual
angle_292.5_dist_50,hordeum,0.25664908587540963,369.3953113324571,6.947816553210783e-4,cart_manual
angle_292.5_dist_50,island,362.7715086611715,369.3953113324571,0.9820685253221199,cart_manual
angle_292.5_dist_75,bulrush,569.470477722065,615.0383819032627,0.9259104707576364,cart_manual
angle_292.5_dist_75,hordeum,25.522200414515787,615.0383819032627,0.04149692306281153,cart_manual
angle_292.5_dist_75,island,20.045703766682028,615.0383819032627,0.03259260617955214,cart_manual
angle_315_dist_100,barren,28.70295688759588,860.4552628401448,0.03335787242773633,cart_manual
angle_315_dist_100,bulrush,791.5210105657851,860.4552628401448,0.9198863029243087,cart_manual
angle_315_dist_100,hordeum,40.231295386763776,860.4552628401448,0.04675582464795493,cart_manual
angle_315_dist_125,barren,0.22562557000036013,1106.0932568356295,2.0398421978074595e-4,cart_manual
angle_315_dist_125,bulrush,1104.2882522756265,1106.0932568356295,0.998368126241754,cart_manual
angle_315_dist_125,hordeum,1.5793789900025201,1106.0932568356295,0.0014278895384652209,cart_manual
angle_315_dist_150,barren,2.3690684850037806,1349.7429254954748,0.0017551997793462215,cart_manual
angle_315_dist_150,bulrush,1229.4224496535312,1349.7429254954748,0.9108567464446792,cart_manual
angle_315_dist_150,hordeum,117.95140735693992,1349.7429254954748,0.08738805377597467,cart_manual
angle_315_dist_25,island,123.51476984922341,123.51476984922341,1,cart_manual
angle_315_dist_50,bulrush,70.37994811413586,369.157840420027,0.1906500158145299,cart_manual
angle_315_dist_50,hordeum,1.1117699961767746,369.157840420027,0.0030116385850339927,cart_manual
angle_315_dist_50,island,297.6661223097144,369.157840420027,0.8063383456004362,cart_manual
angle_315_dist_75,barren,1.2409406350019805,614.8082438218611,0.002018418990753708,cart_manual
angle_315_dist_75,bulrush,542.7552821061726,614.8082438218611,0.8828041711545987,cart_manual
angle_315_dist_75,hordeum,70.81202108068655,614.8082438218611,0.1151774098546475,cart_manual
angle_337.5_dist_100,barren,3.559243366755683,860.1822559004438,0.004137778177056031,cart_manual
angle_337.5_dist_100,bulrush,798.3495684418466,860.1822559004438,0.9281167601000204,cart_manual
angle_337.5_dist_100,hordeum,58.27344409184148,860.1822559004438,0.06774546172292348,cart_manual
angle_337.5_dist_125,barren,0.05640639250009003,1105.780201357257,5.1010492348168e-5,cart_manual
angle_337.5_dist_125,bulrush,1105.0469182547558,1105.780201357257,0.9993368635994738,cart_manual
angle_337.5_dist_125,hordeum,0.6768767100010805,1105.780201357257,6.121259081780161e-4,cart_manual
angle_337.5_dist_150,barren,0.1692191775002701,1349.234139835136,1.254186893914107e-4,cart_manual
angle_337.5_dist_150,bulrush,1346.4583812602066,1349.234139835136,0.997942715431683,cart_manual
angle_337.5_dist_150,hordeum,2.6065393974291604,1349.234139835136,0.0019318658789256962,cart_manual
angle_337.5_dist_25,island,123.39236797749842,123.39236797749842,1,cart_manual
angle_337.5_dist_50,bulrush,193.79882709611562,368.9886212425253,0.5252162693893409,cart_manual
angle_337.5_dist_50,hordeum,0.3384383550005402,368.9886212425253,9.172053974480007e-4,cart_manual
angle_337.5_dist_50,island,174.85135579140916,368.9886212425253,0.4738665252132112,cart_manual
angle_337.5_dist_75,bulrush,603.6623406638477,614.5854385714902,0.9822268846248106,cart_manual
angle_337.5_dist_75,hordeum,10.923097907642454,614.5854385714902,0.01777311537518937,cart_manual
angle_45_dist_100,barren,0.7727675772512336,860.3988564476481,8.981504002013436e-4,cart_manual
angle_45_dist_100,bulrush,858.2616182358197,860.3988564476481,0.9975159913384213,cart_manual
angle_45_dist_100,hordeum,1.3644706345771778,860.3988564476481,0.0015858582613774085,cart_manual
angle_45_dist_125,barren,0.39484474750063026,1106.0441832741524,3.569882229585046e-4,cart_manual
angle_45_dist_125,bulrush,1061.7629089058823,1106.0441832741524,0.9599642807783799,cart_manual
angle_45_dist_125,hordeum,43.88642962076939,1106.0441832741524,0.03967873099866154,cart_manual
angle_45_dist_150,barren,5.181491215058276,1350.1242327087796,0.003837788471259829,cart_manual
angle_45_dist_150,bulrush,1188.145943813742,1350.1242327087796,0.8800271227114727,cart_manual
angle_45_dist_150,hordeum,156.7967976799794,1350.1242327087796,0.1161350888172676,cart_manual
angle_45_dist_25,island,123.45949158457415,123.45949158457415,1,cart_manual
angle_45_dist_50,barren,0.1686551135752692,368.654695398925,4.5748803875335364e-4,cart_manual
angle_45_dist_50,bulrush,123.85490039599956,368.654695398925,0.3359645270812973,cart_manual
angle_45_dist_50,hordeum,0.7332831025011706,368.654695398925,0.0019890784293624076,cart_manual
angle_45_dist_50,island,243.89785678684902,368.654695398925,0.6615889064505869,cart_manual
angle_45_dist_75,barren,2.6815598994542804,614.7512733654373,0.004362024148033336,cart_manual
angle_45_dist_75,bulrush,582.0919721078851,614.7512733654373,0.9468739591562619,cart_manual
angle_45_dist_75,hordeum,29.977741358097912,614.7512733654373,0.0487640166957047,cart_manual
angle_67.5_dist_100,barren,0.4518152039257212,860.312554667127,5.251756486345106e-4,cart_manual
angle_67.5_dist_100,bulrush,851.1662581232373,860.312554667127,0.9893686352776422,cart_manual
angle_67.5_dist_100,hordeum,8.694481339963891,860.312554667127,0.010106189073723293,cart_manual
angle_67.5_dist_125,barren,3.6212903985057823,1105.91332044356,0.0032744794113279637,cart_manual
angle_67.5_dist_125,bulrush,1100.4655910559013,1105.91332044356,0.9950739996643917,cart_manual
angle_67.5_dist_125,hordeum,1.826438989152914,1105.91332044356,0.0016515209242803635,cart_manual
angle_67.5_dist_150,barren,0.06768767100010803,1349.279829013064,5.01657769905435e-5,cart_manual
angle_67.5_dist_150,bulrush,1348.4111705685625,1349.279829013064,0.9993562058619546,cart_manual
angle_67.5_dist_150,hordeum,0.8009707735012787,1349.279829013064,5.936283610547649e-4,cart_manual
angle_67.5_dist_25,island,123.52379487202442,123.52379487202442,1,cart_manual
angle_67.5_dist_50,bulrush,23.245638413212145,369.12004813705425,0.0629758219054551,cart_manual
angle_67.5_dist_50,hordeum,0.22562557000036013,369.12004813705425,6.112525481590352e-4,cart_manual
angle_67.5_dist_50,island,345.64878415384175,369.12004813705425,0.9364129255463859,cart_manual
angle_67.5_dist_75,barren,1.6261962957775948,614.7174295299319,0.002645437102736993,cart_manual
angle_67.5_dist_75,bulrush,500.04154138547426,614.7174295299319,0.8134494279230879,cart_manual
angle_67.5_dist_75,hordeum,31.499585827750344,614.7174295299319,0.051242382783643785,cart_manual
angle_67.5_dist_75,island,81.55010602092963,614.7174295299319,0.1326627521905311,cart_manual
angle_90_dist_100,barren,6.062559065909684,860.2352779093853,0.007047559221987983,cart_manual
angle_90_dist_100,bulrush,395.90349548787646,860.2352779093853,0.46022699330587064,cart_manual
angle_90_dist_100,hordeum,120.27535072794376,860.2352779093853,0.1398168080484293,cart_manual
angle_90_dist_100,island,337.9938726276555,860.2352779093853,0.3929086394237121,cart_manual
angle_90_dist_125,barren,1.0401338777016604,1105.835479621904,9.405864587174328e-4,cart_manual
angle_90_dist_125,bulrush,1092.4570114487326,1105.835479621904,0.987901936210488,cart_manual
angle_90_dist_125,hordeum,12.338334295469714,1105.835479621904,0.011157477330794552,cart_manual
angle_90_dist_150,barren,54.43837346576061,1349.2335757712033,0.04034762730733586,cart_manual
angle_90_dist_150,bulrush,1260.2248524699876,1349.2335757712033,0.9340301598629136,cart_manual
angle_90_dist_150,hordeum,34.57034983545509,1349.2335757712033,0.025622212829750517,cart_manual
angle_90_dist_25,island,123.44538998644886,123.44538998644886,1,cart_manual
angle_90_dist_50,island,369.0422073154065,369.0422073154065,1,cart_manual
angle_90_dist_75,barren,0.22562557000036013,614.6412809000632,3.6708495997854305e-4,cart_manual
angle_90_dist_75,bulrush,13.679114245196857,614.6412809000632,0.022255443411099158,cart_manual
angle_90_dist_75,hordeum,2.0306301300032397,614.6412809000632,0.003303764639806885,cart_manual
angle_90_dist_75,island,598.7059109548627,614.6412809000632,0.9740737069891153,cart_manual
